{
  "Amazon": "http://www.amazon.co.uk/",
  "BBC": "http://www.bbc.co.uk/",
  "CNN": "http://www.cnn.com/",
  "Bootstrap CSS": "http://getbootstrap.com/css/",
  "Eloquent Javascript": "http://eloquentjavascript.net/1st_edition/print.html",
  "ES6 draft": "https://tc39.github.io/ecma262/",
  "ES6 table": "http://kangax.github.io/compat-table/es6/",
  "Google": "https://www.google.com/",
  "HTMLMinifier": "https://github.com/kangax/html-minifier",
  "NBC": "http://www.nbc.com/",
  "New York Times": "http://www.nytimes.com/",
  "Stack Overflow": "http://stackoverflow.com/",
  "Wikipedia": "https://en.wikipedia.org/wiki/President_of_the_United_States"
}
